L0 Domain,L1 Sub-Domain,L2 Category,L3 Sub-Category,L4 Product Enum-Code,Brand,Product Name,Product Description,Product Quantity,UOM,Net Quantity,Pack Quantity,Pack Size,MRP,Price,Manufacturer,Country Of Origin,UPC/EAN,FSSAI no,Images,Images / Video,Images.3,Images.4,Images.5,Images.6,Images.7,Images.8,Images.9,Images.10,SKU Code,Customer Care Contact,Time to Ship,Returnable (Y/N),Cancellable (Y/N),COD available (Y/N),Preservatives (Y/N),Preservatives (details),Flavours & Spices,Ready to cook (Y/N),Ready to eat (Y/N),Rice grain type,Recommended Age,Scented/ Flavour,Herbal/ Ayurvedic,Theme/ Occasion Type,Hair Type,Mineral Source,Caffeine Content,Capacity,Benefits,Usage,Other details,Marketed By,Baby Weight,Absorption Duration (in Hrs),Ingredients
RET,RET-10,RET-10-17,RET-10-17-10,RET-10-17-10-12,Fresho,"Fresho Organic Sprouts Channa Brown, 200 g","Highly proteinaceous, brown channa sprouts with white tails taste fabulous with a grainy texture and a nutty flavour.
We take very good care while growing and preparing sprouts in order to prevent contamination.
Being high-fiber diet, chickpeas lower blood sugar levels in diabetic patients.",200 g,g,200 g,1,1,27.63,21,"Supermarket Grocery Supplies Private Limited, Fairway Business Park, EGL, Challaghatta, Domlur, Bengaluru, 560071",India,['40158437'],['10019043002767'],https://datalabs.siva3.io/image/Eunimart_groceries_40158437_4-fresho-organic-sprouts-channa-brown.jpg,https://datalabs.siva3.io/image/Eunimart_groceries_40158437-2_1-fresho-organic-sprouts-channa-brown.jpg,-,-,-,-,-,-,-,-,-,-,-,-,-,-,-,-,-,-,-,-,-,-,-,-,-,-,-,-,"It is good for bone health and heart health. It is effective for digestion and weight management.
Choline in chickpeas helps with sleep, muscle movement, learning, and memory.
Resent in chickpeas helps with sleep, muscle movement and memory.","Refrigerate them in plastic bags.
Can be eaten raw or roasted.
A quick way to make sprouts snack is by adding oil, salt, chillies and turmeric.
Add them in your choice of curries.","[{'EAN Code': '40158437'}, {'Country of origin': 'India'}, {'FSSAI Number': '10015042002228'}, {'Manufactured & Marketed by': 'Supermarket Grocery Supplies Private Limited, Fairway Business Park, EGL, Challaghatta, Domlur, Bengaluru, 560071'}, {'FSSAI Number': '10019043002767'}]","Supermarket Grocery Supplies Private Limited, Fairway Business Park, EGL, Challaghatta, Domlur, Bengaluru, 560071",-,-,-
RET,RET-10,RET-10-17,RET-10-17-10,RET-10-17-10-12,Fresho,"Fresho Organic Sprouts Horse Gram, 200 g","Horse gram is a reddish brown colored, oval-shaped, flattened and round, glossy skinned lentil. It is rich in minerals, especially iron, phosphorus and calcium. On the vitamin side, it is extremely high B-Complex. Since it falls into the legume family, it is rich in both proteins and fiber. It also contains antioxidants and polyphenols.",200 g,g,200 g,1,1,35.53,27,"Supermarket Grocery Supplies Pvt. Ltd The Fairway Business Park,Challaghatta Village, Behind Dell,Next to Embassy Golf Links, Domlur,Bangalore, Karnataka 560071",India,['40208992'],['10015042002228'],https://datalabs.siva3.io/image/Eunimart_groceries_40208992_5-fresho-organic-sprouts-horse-gram.jpg,https://datalabs.siva3.io/image/Eunimart_groceries_40208992-2_1-fresho-organic-sprouts-horse-gram.jpg,-,-,-,-,-,-,-,-,-,-,-,-,-,-,-,-,-,-,-,-,-,-,-,-,-,-,-,-,-,-,"[{'EAN Code': '40208992'}, {'Country of origin': 'India'}, {'Manufacturer & Marketed by': 'Supermarket Grocery Supplies Pvt. Ltd The Fairway Business Park,Challaghatta Village, Behind Dell,Next to Embassy Golf Links, Domlur,Bangalore, Karnataka 560071'}, {'FSSAI Number': '10015042002228'}]","Supermarket Grocery Supplies Pvt. Ltd The Fairway Business Park,Challaghatta Village, Behind Dell,Next to Embassy Golf Links, Domlur,Bangalore, Karnataka 560071",-,-,-
RET,RET-10,RET-10-17,RET-10-17-10,RET-10-17-10-12,Fresho,"Fresho Organic Sprouts Mixed Gram, 200 g","Sprouts Mixed gram are best for health which contains greater concentration of nutrients like Vitamin E, A, C & K, iron, potassium, phyto chemicals, bioflavonoids, antioxidants, protein and chemo-protectants.
It can be served at any point throughout the meal.
Sprouts are referred to as medicine because of their health promoting properties.
Product image shown is for representation purpose only, the actually product may vary based on season, produce & availability.",200 g,g,200 g,1,1,31.58,24,"Supermarket Grocery Supplies Private Limited, Fairway Business Park, EGL, Challaghatta, Domlur, Bengaluru, 560071",India,['40158434'],['10019043002767'],https://datalabs.siva3.io/image/Eunimart_groceries_40158434_4-fresho-organic-sprouts-mixed-gram.jpg,https://datalabs.siva3.io/image/Eunimart_groceries_40158434-2_1-fresho-organic-sprouts-mixed-gram.jpg,-,-,-,-,-,-,-,-,-,-,-,-,-,-,-,-,-,-,-,-,-,-,-,-,-,-,-,-,"Mixed gram sprouts ensure blood purification and strengthens the immune system to protect against several diseases.
It also helps to alleviate itchy scalp because of its anti-fungal properties.
It contains omega 3 fatty acids which are vital for the nourishment of hair follicles.","Horse gram is soaked prior to cooking to soften and is commonly used in curries, stews and chutneys, and are consumed sprouted as well.
It is also used desserts in some cuisines.","[{'EAN Code': '40158434'}, {'Country of origin': 'India'}, {'FSSAI Number': '10015042002228'}, {'Manufactured & Marketed by': 'Supermarket Grocery Supplies Private Limited, Fairway Business Park, EGL, Challaghatta, Domlur, Bengaluru, 560071'}, {'FSSAI Number': '10019043002767'}]","Supermarket Grocery Supplies Private Limited, Fairway Business Park, EGL, Challaghatta, Domlur, Bengaluru, 560071",-,-,-
RET,RET-10,RET-10-17,RET-10-17-10,RET-10-17-10-12,Fresho,"Fresho Organic Sprouts Moong Green, 200 g","Bean sprouts are the young shoots of the mung bean with petite pale yellow to pale green leaves attached on a silvery bright white shoot.
With a high water content, bean sprouts offer a crunch and subtle nutty flavour.
We take a very good care while growing and preparing sprouts in order to prevent contamination.",200 g,g,200 g,1,1,36.84,28,"Supermarket Grocery Supplies Private Limited, Fairway Business Park, EGL, Challaghatta, Domlur, Bengaluru, 560071",India,['40158436'],['10019043002767'],https://datalabs.siva3.io/image/Eunimart_groceries_40158436_4-fresho-organic-sprouts-moong-green.jpg,https://datalabs.siva3.io/image/Eunimart_groceries_40158436-2_1-fresho-organic-sprouts-moong-green.jpg,-,-,-,-,-,-,-,-,-,-,-,-,-,-,-,-,-,-,-,-,-,-,-,-,-,-,-,-,"Moong bean sprouts are low in calories and rich in fiber and Vitamins B, C and K.
They are also rich in iron and folate.
Folate is recommended to pregnant women, to prevent birth imperfections in the fetus.","Refrigerate them in plastic bags.
Can be eaten raw or added to salads, curries and pulao.","[{'EAN Code': '40158436'}, {'Country of origin': 'India'}, {'FSSAI Number': '10015042002228'}, {'Manufactured & Marketed by': 'Supermarket Grocery Supplies Private Limited, Fairway Business Park, EGL, Challaghatta, Domlur, Bengaluru, 560071'}, {'FSSAI Number': '10019043002767'}]","Supermarket Grocery Supplies Private Limited, Fairway Business Park, EGL, Challaghatta, Domlur, Bengaluru, 560071",-,-,-